provider_id,hospital_name,address,city,state,zip_code,county_name,phone_number,hospital_type,hospital_ownership,emergency_services,meets_criteria_for_meaningful_use_of_ehrs,hospital_overall_rating,mortality_national_comparison,safety_of_care_national_comparison,readmission_national_comparison,patient_experience_national_comparison,effectiveness_of_care_national_comparison,timeliness_of_care_national_comparison,efficient_use_of_medical_imaging_national_comparison
240078,FAIRVIEW SOUTHDALE HOSPITAL,6401 FRANCE AVENUE SOUTH,EDINA,MN,55435,HENNEPIN,9529245100,Acute Care Hospitals,Voluntary non-profit - Other,Yes,Y,4.0,Same as the national average,Above the national average,Above the national average,Same as the national average,Same as the national average,Same as the national average,Above the national average
250001,UNIVERSITY OF MISSISSIPPI MED CENTER,2500 N STATE ST,JACKSON,MS,39216,HINDS,6019844100,Acute Care Hospitals,Government - State,Yes,Y,1.0,Below the national average,Below the national average,Below the national average,Below the national average,Same as the national average,Below the national average,Same as the national average
383300,SHRINERS HOSPITAL FOR CHILDREN-PORTLAND,3101 SW SAM JACKSON PARK ROAD,PORTLAND,OR,97239,MULTNOMAH,5032415090,Childrens,Voluntary non-profit - Private,No,Y,,,,,,,,
170049,OLATHE MEDICAL CENTER,20333 WEST 151ST STREET,OLATHE,KS,66061,JOHNSON,9137914200,Acute Care Hospitals,Voluntary non-profit - Private,Yes,Y,3.0,Same as the national average,Same as the national average,Below the national average,Above the national average,Same as the national average,Above the national average,Above the national average
361323,AULTMAN ORRVILLE HOSPITAL,832 SOUTH MAIN STREET,ORRVILLE,OH,44667,WAYNE,3306823010,Critical Access Hospitals,Voluntary non-profit - Private,Yes,Y,3.0,,,Same as the national average,Above the national average,Same as the national average,Above the national average,
450411,EASTLAND MEMORIAL HOSPITAL,304 S DAUGHERTY,EASTLAND,TX,76448,EASTLAND,2546292601,Acute Care Hospitals,Government - Hospital District or Authority,Yes,Y,4.0,Same as the national average,,Same as the national average,Above the national average,Below the national average,Same as the national average,
451379,CORYELL MEMORIAL HEALTHCARE SYSTEM,1507 W MAIN STREET,GATESVILLE,TX,76528,CORYELL,2548658251,Critical Access Hospitals,Government - Hospital District or Authority,Yes,Y,,,,,Above the national average,Same as the national average,Same as the national average,Same as the national average
251326,JEFFERSON DAVIS COMMUNITY HOSPITAL CAH,1102 ROSE STREET,PRENTISS,MS,39474,JEFFERSON DAVIS,6017924276,Critical Access Hospitals,Government - Local,Yes,Y,,,,Same as the national average,,,,
450292,TEXAS HEALTH PRESBYTERIAN HOSPITAL KAUFMAN,850 ED HALL,KAUFMAN,TX,75142,KAUFMAN,9729327200,Acute Care Hospitals,Voluntary non-profit - Private,Yes,Y,3.0,Same as the national average,Same as the national average,Same as the national average,Above the national average,Same as the national average,Same as the national average,Same as the national average
140133,HOLY CROSS HOSPITAL,2701 W 68TH STREET,CHICAGO,IL,60629,COOK,7738849000,Acute Care Hospitals,Voluntary non-profit - Private,Yes,Y,1.0,Above the national average,Below the national average,Below the national average,Below the national average,Below the national average,Below the national average,Same as the national average
520109,MILE BLUFF MEDICAL CENTER,1050 DIVISION ST,MAUSTON,WI,53948,JUNEAU,6088476161,Acute Care Hospitals,Proprietary,Yes,Y,3.0,Same as the national average,,Same as the national average,Same as the national average,Same as the national average,Above the national average,Same as the national average
190041,CHRISTUS HEALTH SHREVEPORT - BOSSIER,1453 E BERT KOUNS INDUSTRIAL DRIVE,SHREVEPORT,LA,71105,CADDO,3186815000,Acute Care Hospitals,Voluntary non-profit - Church,Yes,Y,4.0,Same as the national average,Above the national average,Same as the national average,Above the national average,Below the national average,Same as the national average,Above the national average
510086,WELCH COMMUNITY HOSPITAL,454 MCDOWELL STREET,WELCH,WV,24801,MCDOWELL,3044368461,Acute Care Hospitals,Government - State,Yes,Y,3.0,,,Same as the national average,Above the national average,Same as the national average,Below the national average,
161366,SHENANDOAH MEDICAL CENTER,300 PERSHING AVENUE,SHENANDOAH,IA,51601,PAGE,7122461230,Critical Access Hospitals,Voluntary non-profit - Private,Yes,Y,3.0,Same as the national average,,Same as the national average,,Same as the national average,Same as the national average,
100127,MORTON PLANT HOSPITAL,300 PINELLAS ST,CLEARWATER,FL,33756,PINELLAS,7274627000,Acute Care Hospitals,Voluntary non-profit - Private,Yes,Y,3.0,Same as the national average,Above the national average,Same as the national average,Above the national average,Same as the national average,Same as the national average,Same as the national average
161301,IOWA SPECIALTY HOSPITAL - BELMOND,403 FIRST STREET SE,BELMOND,IA,50421,WRIGHT,6414443223,Critical Access Hospitals,Government - Local,Yes,Y,5.0,,,Same as the national average,Above the national average,,Same as the national average,
450040,COVENANT MEDICAL CENTER,3615 19TH STREET,LUBBOCK,TX,79410,LUBBOCK,8067256000,Acute Care Hospitals,Voluntary non-profit - Church,Yes,Y,3.0,Same as the national average,Same as the national average,Above the national average,Above the national average,Below the national average,Same as the national average,Below the national average
390049,ST LUKE'S HOSPITAL BETHLEHEM,801 OSTRUM STREET,BETHLEHEM,PA,18015,NORTHAMPTON,6109544000,Acute Care Hospitals,Voluntary non-profit - Private,Yes,Y,4.0,Above the national average,Same as the national average,Above the national average,Same as the national average,Same as the national average,Below the national average,Above the national average
400010,HOSPITAL GENERAL DE CASTANER,CARR 135 KM 64 2,CASTANER,PR,631,LARES,7878295010,Acute Care Hospitals,Voluntary non-profit - Private,Yes,Y,,,,,,,,
53309,MILLER CHILDREN'S HOSPITAL,2801 ATLANTIC AVENUE,LONG BEACH,CA,90806,LOS ANGELES,5629338001,Childrens,Voluntary non-profit - Other,Yes,Y,,,,,,,,
360118,OHIOHEALTH MANSFIELD HOSPITAL,335 GLESSNER AVENUE,MANSFIELD,OH,44903,RICHLAND,4195268000,Acute Care Hospitals,Voluntary non-profit - Private,Yes,Y,2.0,Below the national average,Same as the national average,Below the national average,Same as the national average,Same as the national average,Same as the national average,Above the national average
500079,MULTICARE GOOD SAMARITAN HOSPITAL,401 15TH AVENUE SE,PUYALLUP,WA,98372,PIERCE,2536972102,Acute Care Hospitals,Voluntary non-profit - Private,Yes,Y,3.0,Above the national average,Below the national average,Above the national average,Below the national average,Same as the national average,Below the national average,Above the national average
181305,SAINT JOSEPH MARTIN,11203 MAIN STREET,MARTIN,KY,41649,FLOYD,6062856401,Critical Access Hospitals,Voluntary non-profit - Private,Yes,Y,4.0,Same as the national average,,Same as the national average,Above the national average,Same as the national average,Same as the national average,
521305,MAYO CLINIC HLTH SYSTM FRANCISCAN HLTHCARE SPARTA,310 W MAIN ST,SPARTA,WI,54656,MONROE,6082692132,Critical Access Hospitals,Voluntary non-profit - Church,Yes,Y,,,,,,Same as the national average,Above the national average,
340021,CAROLINAS HEALTHCARE SYSTEM CLEVELAND,201 E GROVER ST,SHELBY,NC,28150,CLEVELAND,7044873000,Acute Care Hospitals,Government - Hospital District or Authority,Yes,Y,4.0,Below the national average,Above the national average,Above the national average,Above the national average,Same as the national average,Same as the national average,Below the national average
220060,BETH ISRAEL DEACONESS HOSPITAL - PLYMOUTH,275 SANDWICH STREET,PLYMOUTH,MA,2360,PLYMOUTH,5087462000,Acute Care Hospitals,Voluntary non-profit - Private,Yes,Y,3.0,Above the national average,Same as the national average,Same as the national average,Same as the national average,Same as the national average,Below the national average,Same as the national average
181319,BRECKINRIDGE MEMORIAL HOSPITAL,1011 OLD HIGHWAY 60,HARDINSBURG,KY,40143,BRECKINRIDGE,2707567000,Critical Access Hospitals,Government - Local,Yes,Y,3.0,Same as the national average,,Same as the national average,Above the national average,,,Below the national average
480001,"ROY LESTER SCHNEIDER HOSPITAL,THE",9048 SUGAR ESTATE,ST THOMAS,VI,801,,8097768311,Acute Care Hospitals,Government - Local,Yes,Y,2.0,Same as the national average,Same as the national average,Same as the national average,Below the national average,Same as the national average,,Same as the national average
250081,ANDERSON RMC SOUTH,1102 CONSTITUTION AVENUE,MERIDIAN,MS,39301,LAUDERDALE,6014843590,Acute Care Hospitals,Proprietary,Yes,Y,,,,,,,,
50082,ST JOHNS REGIONAL MEDICAL CENTER,1600 N ROSE AVE,OXNARD,CA,93030,VENTURA,8059882500,Acute Care Hospitals,Voluntary non-profit - Private,Yes,Y,2.0,Same as the national average,Below the national average,Same as the national average,Below the national average,Same as the national average,Below the national average,Same as the national average
271328,MARIAS MEDICAL CENTER,640 PARK AVE,SHELBY,MT,59474,TOOLE,4064343200,Critical Access Hospitals,Government - Local,Yes,Y,,,,,,,,
180004,OWENSBORO HEALTH MUHLENBERG COMMUNITY HOSPITAL,440 HOPKINSVILLE STREET,GREENVILLE,KY,42345,MUHLENBERG,2703388000,Acute Care Hospitals,Voluntary non-profit - Private,Yes,Y,3.0,Same as the national average,Same as the national average,Same as the national average,Same as the national average,Same as the national average,Same as the national average,Same as the national average
360144,SOUTH POINTE HOSPITAL,20000 HARVARD ROAD,WARRENSVILLE HEIGHTS,OH,44122,CUYAHOGA,2164916000,Acute Care Hospitals,Voluntary non-profit - Other,Yes,Y,3.0,Above the national average,Same as the national average,Below the national average,Below the national average,Same as the national average,Above the national average,Same as the national average
390314,COORDINATED HEALTH ORTHOPEDIC HOSPITAL,2310 HIGHLAND AVENUE,BETHLEHEM,PA,18017,LEHIGH,6106914300,Acute Care Hospitals,Physician,No,Y,,,,,Above the national average,,,
171367,GOVE COUNTY MEDICAL CENTER,520 WEST 5TH STREET,QUINTER,KS,67752,GOVE,7857543341,Critical Access Hospitals,Voluntary non-profit - Other,No,Y,,Same as the national average,,Same as the national average,,,,
330387,ROCKEFELLER UNIVERSITY HOSPITAL,1230 YORK AVENUE,NEW YORK,NY,10021,NEW YORK,2125708000,Acute Care Hospitals,Voluntary non-profit - Private,No,,,,,,,,,
390025,KENSINGTON HOSPITAL,136 W DIAMOND STREET,PHILADELPHIA,PA,19122,PHILADELPHIA,2154268100,Acute Care Hospitals,Voluntary non-profit - Other,No,,,,,,,,,
431326,MILBANK AREA HOSPITAL/AVERA HEALTH,301 FLYNN DRIVE,MILBANK,SD,57252,GRANT,6054324538,Critical Access Hospitals,Voluntary non-profit - Private,Yes,Y,,,,,,,,
110236,CORNERSTONE MEDICAL CENTER,100 GROSS CRESCENT CIRCLE,FORT OGLETHORP,GA,30742,CATOOSA,7068582000,Acute Care Hospitals,Proprietary,Yes,,,,,,,,,
281330,WARREN MEMORIAL HOSPITAL,905 SECOND ST,FRIEND,NE,68359,SALINE,4029472541,Critical Access Hospitals,Government - Local,Yes,Y,,,,,,,,
180102,LOURDES HOSPITAL,1530 LONE OAK ROAD,PADUCAH,KY,42003,MCCRACKEN,2704442444,Acute Care Hospitals,Voluntary non-profit - Church,Yes,Y,2.0,Below the national average,Below the national average,Above the national average,Below the national average,Same as the national average,Above the national average,Same as the national average
190060,LAKE CHARLES MEMORIAL HOSPITAL,1701 OAK PARK BLVD,LAKE CHARLES,LA,70601,CALCASIEU,3374943000,Acute Care Hospitals,Voluntary non-profit - Private,Yes,Y,3.0,Below the national average,Above the national average,Same as the national average,Same as the national average,Same as the national average,Same as the national average,Below the national average
501303,WILLAPA HARBOR HOSPITAL,800 ALDER STREET,SOUTH BEND,WA,98586,PACIFIC,3608755526,Critical Access Hospitals,Government - Hospital District or Authority,Yes,Y,,,,Same as the national average,,,,
381301,PEACEHEALTH COTTAGE GROVE COMMUNITY MEDICAL CENTER,1515 VILLAGE DRIVE,COTTAGE GROVE,OR,97424,LANE,5417675500,Critical Access Hospitals,Voluntary non-profit - Private,Yes,Y,4.0,,,Same as the national average,Above the national average,Same as the national average,Above the national average,
390164,UPMC PRESBYTERIAN SHADYSIDE,200 LOTHROP STREET,PITTSBURGH,PA,15213,ALLEGHENY,4126478788,Acute Care Hospitals,Voluntary non-profit - Private,Yes,Y,2.0,Above the national average,Below the national average,Below the national average,Same as the national average,Above the national average,Same as the national average,Same as the national average
250058,SOUTH CENTRAL REG MED CTR,1220 JEFFERSON ST BOX 607,LAUREL,MS,39440,JONES,6014264000,Acute Care Hospitals,Government - Local,Yes,Y,1.0,Same as the national average,Below the national average,Below the national average,Below the national average,Below the national average,Above the national average,Below the national average
110161,NORTHSIDE HOSPITAL,"1000 JOHNSON FERRY ROAD, NE",ATLANTA,GA,30342,FULTON,4048518000,Acute Care Hospitals,Voluntary non-profit - Private,Yes,Y,4.0,Same as the national average,Below the national average,Above the national average,Above the national average,Same as the national average,Same as the national average,Same as the national average
451372,MULESHOE AREA MEDICAL CENTER,708 S 1ST ST,MULESHOE,TX,79347,BAILEY,8062724524,Critical Access Hospitals,Proprietary,Yes,Y,,,,Same as the national average,,,,
360156,MEMORIAL HOSPITAL,715 SOUTH TAFT AVENUE,FREMONT,OH,43420,SANDUSKY,4193346617,Acute Care Hospitals,Voluntary non-profit - Other,Yes,Y,4.0,Same as the national average,Same as the national average,Above the national average,Same as the national average,Same as the national average,Above the national average,Same as the national average
50778,LOMA LINDA UNIVERSITY CHILDREN'S HOSPITAL,11234 ANDERSON STREET SUITE A,LOMA LINDA,CA,92354,SAN BERNARDINO,9095588000,Acute Care Hospitals,Voluntary non-profit - Church,No,,,,Same as the national average,,,Same as the national average,,
360259,BAY PARK COMMUNITY HOSPITAL,2801 BAY PARK DRIVE,OREGON,OH,43616,LUCAS,4196907700,Acute Care Hospitals,Voluntary non-profit - Other,Yes,Y,4.0,Same as the national average,Same as the national average,Same as the national average,Above the national average,Same as the national average,Same as the national average,Same as the national average
310110,ROBERT WOOD JOHNSON UNIVERSITY HOSPITAL HAMILTON,ONE HAMILTON HEALTH PLACE,HAMILTON,NJ,8690,MERCER,6095867900,Acute Care Hospitals,Voluntary non-profit - Private,Yes,Y,1.0,Same as the national average,Below the national average,Below the national average,Below the national average,Same as the national average,Below the national average,Above the national average
330090,ARNOT OGDEN MEDICAL CENTER,600 ROE AVENUE,ELMIRA,NY,14905,CHEMUNG,6077374100,Acute Care Hospitals,Voluntary non-profit - Private,Yes,Y,2.0,Same as the national average,Above the national average,Below the national average,Below the national average,Same as the national average,Below the national average,Above the national average
330409,BURDETT CARE CENTER,2215 BURDETT AVE,TROY,NY,12180,RENSSELAER,5182713655,Acute Care Hospitals,Voluntary non-profit - Private,No,Y,,,,,,,,
140288,ADVOCATE GOOD SAMARITAN HOSPITAL,3815 HIGHLAND AVENUE,DOWNERS GROVE,IL,60515,DUPAGE,6302755900,Acute Care Hospitals,Voluntary non-profit - Church,Yes,Y,4.0,Same as the national average,Below the national average,Above the national average,Above the national average,Same as the national average,Same as the national average,Above the national average
440161,TRISTAR CENTENNIAL MEDICAL CENTER,2300 PATTERSON STREET,NASHVILLE,TN,37203,DAVIDSON,6153421000,Acute Care Hospitals,Proprietary,Yes,Y,3.0,Same as the national average,Above the national average,Below the national average,Above the national average,Above the national average,Same as the national average,Same as the national average
670102,"AD HOSPITAL EAST, LLC","12950 EAST FREEWAY, SUITE 100",HOUSTON,TX,77015,HARRIS,7133303897,Acute Care Hospitals,Proprietary,Yes,,,,,,,,,
520034,AURORA MEDICAL CTR MANITOWOC COUNTY,5000 MEMORIAL DRIVE,TWO RIVERS,WI,54241,MANITOWOC,9207945000,Acute Care Hospitals,Voluntary non-profit - Private,Yes,Y,4.0,Same as the national average,Same as the national average,Above the national average,Above the national average,Same as the national average,Above the national average,Same as the national average
111326,SGMC LANIER CAMPUS,116 WEST THIGPEN AVENUE,LAKELAND,GA,31635,LANIER,2294828402,Critical Access Hospitals,Government - Hospital District or Authority,Yes,,,,,Same as the national average,,,,
170194,DOCTORS HOSPITAL LLC,4901 COLLEGE BLVD,LEAWOOD,KS,66211,JOHNSON,9135291801,Acute Care Hospitals,Proprietary,No,Y,,,,,,,,
170191,GREAT BEND REGIONAL HOSPITAL,514 CLEVELAND STREET,GREAT BEND,KS,67530,BARTON,6207928833,Acute Care Hospitals,Proprietary,Yes,Y,3.0,Same as the national average,Same as the national average,Above the national average,Same as the national average,Same as the national average,Above the national average,Below the national average
500072,OLYMPIC MEDICAL CENTER,939 CAROLINE ST,PORT ANGELES,WA,98362,CLALLAM,3604177000,Acute Care Hospitals,Government - Local,Yes,Y,2.0,Below the national average,Below the national average,Above the national average,Same as the national average,Same as the national average,Above the national average,Same as the national average
110192,EASTSIDE MEDICAL CENTER,1700 MEDICAL WAY,SNELLVILLE,GA,30078,GWINNETT,7707362498,Acute Care Hospitals,Proprietary,Yes,Y,3.0,Same as the national average,Above the national average,Below the national average,Below the national average,Same as the national average,Below the national average,Same as the national average
110054,FLOYD MEDICAL CENTER,304 TURNER MCCALL BLVD P O BOX 233,ROME,GA,30162,FLOYD,7065096900,Acute Care Hospitals,Government - Hospital District or Authority,Yes,Y,3.0,Same as the national average,Above the national average,Same as the national average,Same as the national average,Same as the national average,Same as the national average,Above the national average
110143,WELLSTAR COBB HOSPITAL,3950 AUSTELL RD,AUSTELL,GA,30106,COBB,7707324000,Acute Care Hospitals,Voluntary non-profit - Other,Yes,Y,2.0,Above the national average,Below the national average,Below the national average,Below the national average,Same as the national average,Below the national average,Same as the national average
251318,NORTH SUNFLOWER MEDICAL CENTER CAH,840 NORTH OAK AVENUE,RULEVILLE,MS,38771,SUNFLOWER,6627562711,Critical Access Hospitals,Government - Local,Yes,Y,,Same as the national average,,Same as the national average,,,,
140155,PRESENCE ST MARYS HOSPITAL,500 W COURT ST,KANKAKEE,IL,60901,KANKAKEE,8159372490,Acute Care Hospitals,Voluntary non-profit - Other,Yes,Y,3.0,Same as the national average,Below the national average,Same as the national average,Above the national average,Same as the national average,Same as the national average,Below the national average
140251,COMMUNITY FIRST MEDICAL CENTER,5645 W ADDISON STREET,CHICAGO,IL,60634,COOK,7732827000,Acute Care Hospitals,Voluntary non-profit - Private,Yes,Y,3.0,Above the national average,Same as the national average,Above the national average,Below the national average,Same as the national average,Same as the national average,Same as the national average
250094,MERIT HEALTH WESLEY,5001 W HARDY ST,HATTIESBURG,MS,39402,FORREST,6012688000,Acute Care Hospitals,Voluntary non-profit - Private,Yes,Y,3.0,Same as the national average,Same as the national average,Same as the national average,Below the national average,Same as the national average,Above the national average,Same as the national average
450662,VALLEY REGIONAL MEDICAL CENTER,100 A ALTON GLOOR,BROWNSVILLE,TX,78526,CAMERON,9563507000,Acute Care Hospitals,Proprietary,Yes,Y,3.0,Above the national average,Above the national average,Below the national average,Below the national average,Same as the national average,Same as the national average,Below the national average
101302,CAMPBELLTON-GRACEVILLE HOSPITAL,5429 COLLEGE DR,GRACEVILLE,FL,32440,JACKSON,8502637201,Critical Access Hospitals,Government - Hospital District or Authority,Yes,Y,,,,Same as the national average,,,,
510024,MONONGALIA COUNTY GENERAL HOSPITAL,1200 JD ANDERSON DR,MORGANTOWN,WV,26505,MONONGALIA,3045981200,Acute Care Hospitals,Voluntary non-profit - Private,Yes,Y,3.0,Same as the national average,Same as the national average,Same as the national average,Above the national average,Same as the national average,Same as the national average,Below the national average
271334,LIBERTY MEDICAL CENTER,315 W MADISON AVE,CHESTER,MT,59522,LIBERTY,4067595181,Critical Access Hospitals,Voluntary non-profit - Private,Yes,Y,,,,,,,,
260023,MERCY HOSPITAL JEFFERSON,1400 HIGHWAY 61 SOUTH,CRYSTAL CITY,MO,63019,JEFFERSON,6369331000,Acute Care Hospitals,Voluntary non-profit - Private,Yes,Y,3.0,Same as the national average,Above the national average,Below the national average,Below the national average,Same as the national average,Below the national average,Same as the national average
241323,MADELIA COMMUNITY HOSPITAL,121 DREW AVENUE SOUTHEAST,MADELIA,MN,56062,WATONWAN,5076423255,Critical Access Hospitals,Voluntary non-profit - Other,Yes,Y,,,,,,,,
50222,SHARP CHULA VISTA MEDICAL CENTER,751 MEDICAL CENTER COURT,CHULA VISTA,CA,91911,SAN DIEGO,6195025800,Acute Care Hospitals,Proprietary,No,Y,4.0,Above the national average,Above the national average,Same as the national average,Above the national average,Same as the national average,Below the national average,Above the national average
230041,MCLAREN BAY REGION,1900 COLUMBUS AVE,BAY CITY,MI,48708,BAY,9898943000,Acute Care Hospitals,Voluntary non-profit - Private,Yes,Y,3.0,Same as the national average,Above the national average,Same as the national average,Below the national average,Same as the national average,Same as the national average,Same as the national average
321308,CIBOLA GENERAL HOSPITAL,1016 E ROOSEVELT AVENUE,GRANTS,NM,87020,CIBOLA,5052874446,Critical Access Hospitals,Government - Local,Yes,Y,3.0,,,Same as the national average,Same as the national average,,Above the national average,
151331,HARRISON COUNTY HOSPITAL,1141 HOSPITAL DR NW,CORYDON,IN,47112,HARRISON,8127384251,Critical Access Hospitals,Government - Local,Yes,Y,3.0,Same as the national average,,Same as the national average,Same as the national average,Same as the national average,Above the national average,Same as the national average
50039,ENLOE MEDICAL CENTER,1531 ESPLANADE,CHICO,CA,95926,BUTTE,5303327300,Acute Care Hospitals,Voluntary non-profit - Private,Yes,Y,3.0,Same as the national average,Above the national average,Below the national average,Above the national average,Same as the national average,Same as the national average,Above the national average
141328,HARDIN COUNTY GENERAL HOSPITAL,FERRELL ROAD,ROSICLARE,IL,62982,HARDIN,6182856634,Critical Access Hospitals,Voluntary non-profit - Private,Yes,Y,,Same as the national average,,Same as the national average,,,,
201312,WALDO COUNTY GENERAL HOSPITAL,PO BOX 287,BELFAST,ME,4915,WALDO,2073382500,Critical Access Hospitals,Voluntary non-profit - Private,Yes,Y,3.0,Same as the national average,,Same as the national average,Same as the national average,,,
50769,HOAG ORTHOPEDIC INSTITUTE,16250 SAND CANYON AVENUE,IRVINE,CA,92618,ORANGE,9497275000,Acute Care Hospitals,Proprietary,No,Y,,,Above the national average,,Above the national average,,,
450779,TEXAS HEALTH HARRIS METHODIST HOSPITAL SOUTHWEST F,6100 HARRIS PKWY,FORT WORTH,TX,76132,TARRANT,8174335000,Acute Care Hospitals,Voluntary non-profit - Private,Yes,Y,5.0,Same as the national average,Above the national average,Above the national average,Above the national average,Same as the national average,Same as the national average,Same as the national average
370100,CHOCTAW MEMORIAL HOSPITAL,1405 EAST KIRK ROAD,HUGO,OK,74743,CHOCTAW,5803179500,Acute Care Hospitals,Government - Hospital District or Authority,Yes,Y,3.0,Same as the national average,,Same as the national average,Below the national average,Below the national average,Above the national average,
190065,BATON ROUGE GENERAL MEDICAL CENTER,3600 FLORIDA BLVD,BATON ROUGE,LA,70806,EAST BATON ROUGE,2253877767,Acute Care Hospitals,Voluntary non-profit - Private,Yes,Y,3.0,Below the national average,Above the national average,Above the national average,Above the national average,Same as the national average,Below the national average,Below the national average
381309,LAKE DISTRICT HOSPITAL,700 SOUTH J STREET,LAKEVIEW,OR,97630,LAKE,5419472114,Critical Access Hospitals,Government - Hospital District or Authority,Yes,Y,3.0,,,Same as the national average,,Same as the national average,Above the national average,
521315,MAYO CLINIC HEALTH SYSTEM NORTHLAND,1222 E WOODLAND AVE,BARRON,WI,54812,BARRON,7155373186,Critical Access Hospitals,Voluntary non-profit - Other,Yes,Y,3.0,Same as the national average,,Same as the national average,Same as the national average,Same as the national average,Same as the national average,
50455,SAN JOAQUIN COMMUNITY HOSPITAL,2615 CHESTER AVENUE,BAKERSFIELD,CA,93301,KERN,6613953000,Acute Care Hospitals,Voluntary non-profit - Private,Yes,Y,2.0,Same as the national average,Same as the national average,Below the national average,Below the national average,Same as the national average,Below the national average,Below the national average
100117,BAPTIST MEDICAL CENTER - BEACHES,1350 13TH AVE S,JACKSONVILLE BEACH,FL,32250,DUVAL,9042472900,Acute Care Hospitals,Voluntary non-profit - Private,Yes,Y,4.0,Same as the national average,Above the national average,Same as the national average,Same as the national average,Same as the national average,Same as the national average,Same as the national average
110008,NORTHSIDE HOSPITAL CHEROKEE,450 NORTHSIDE CHEROKEE BOULEVARD,CANTON,GA,30115,CHEROKEE,7702441000,Acute Care Hospitals,Voluntary non-profit - Other,Yes,Y,3.0,Same as the national average,Same as the national average,Same as the national average,Above the national average,Above the national average,Same as the national average,Same as the national average
50300,ST MARY MEDICAL CENTER,18300 HIGHWAY 18,APPLE VALLEY,CA,92307,SAN BERNARDINO,7602422311,Acute Care Hospitals,Voluntary non-profit - Private,Yes,Y,2.0,Above the national average,Same as the national average,Below the national average,Below the national average,Below the national average,Below the national average,Same as the national average
50686,"KAISER FOUNDATION HOSPITAL, RIVERSIDE",10800 MAGNOLIA AVENUE,RIVERSIDE,CA,92505,RIVERSIDE,9513532000,Acute Care Hospitals,Government - Hospital District or Authority,Yes,Y,3.0,,Same as the national average,,Below the national average,Same as the national average,,
361321,"BARNESVILLE HOSPITAL ASSOCIATION, INC",639 WEST MAIN STREET,BARNESVILLE,OH,43713,BELMONT,7404255101,Critical Access Hospitals,Voluntary non-profit - Private,Yes,Y,4.0,Same as the national average,,Same as the national average,Above the national average,,,
250095,SOUTH SUNFLOWER COUNTY HOSPITAL,121 E BAKER ST,INDIANOLA,MS,38751,SUNFLOWER,6628875235,Acute Care Hospitals,Government - Local,Yes,Y,3.0,Same as the national average,,Same as the national average,,Below the national average,Above the national average,Same as the national average
50488,EDEN MEDICAL CENTER,20103 LAKE CHABOT ROAD,CASTRO VALLEY,CA,94546,ALAMEDA,5105371234,Acute Care Hospitals,Voluntary non-profit - Other,Yes,Y,3.0,Same as the national average,Same as the national average,Same as the national average,Same as the national average,Same as the national average,Below the national average,Same as the national average
70033,DANBURY HOSPITAL,24 HOSPITAL AVE,DANBURY,CT,6810,FAIRFIELD,2037397000,Acute Care Hospitals,Voluntary non-profit - Private,Yes,Y,2.0,Same as the national average,Below the national average,Below the national average,Same as the national average,Same as the national average,Below the national average,Same as the national average
361307,UHHS MEMORIAL HOSPITAL OF GENEVA,870 WEST MAIN STREET,GENEVA,OH,44041,ASHTABULA,4404661141,Critical Access Hospitals,Voluntary non-profit - Private,Yes,Y,5.0,Above the national average,,Same as the national average,Above the national average,Same as the national average,Same as the national average,
521311,OUR LADY OF VICTORY HOSPITAL,1120 PINE ST,STANLEY,WI,54768,CHIPPEWA,7156445571,Critical Access Hospitals,Voluntary non-profit - Other,Yes,Y,4.0,Same as the national average,,Same as the national average,,Same as the national average,Same as the national average,
140015,BLESSING HOSPITAL,BROADWAY AT 11TH STREET,QUINCY,IL,62301,ADAMS,2172235811,Acute Care Hospitals,Voluntary non-profit - Private,Yes,Y,3.0,Below the national average,Below the national average,Below the national average,Above the national average,Same as the national average,Same as the national average,Above the national average
60032,ROSE MEDICAL CENTER,4567 E 9TH AVENUE,DENVER,CO,80220,DENVER,3033202121,Acute Care Hospitals,Proprietary,Yes,Y,4.0,Same as the national average,Above the national average,Same as the national average,Above the national average,Same as the national average,Above the national average,Same as the national average
151332,DECATUR COUNTY MEMORIAL HOSPITAL,720 N LINCOLN ST,GREENSBURG,IN,47240,DECATUR,8126634331,Critical Access Hospitals,Government - Local,Yes,Y,4.0,Same as the national average,,Same as the national average,Above the national average,Same as the national average,Above the national average,Below the national average
450422,BAYLOR MEDICAL CENTER AT UPTOWN,2727 EAST LEMMON AVENUE BUILDING I,DALLAS,TX,75204,DALLAS,2144433000,Acute Care Hospitals,Voluntary non-profit - Private,Yes,Y,,,,,Above the national average,Same as the national average,Same as the national average,
100328,"MIAMI MEDICAL CENTER, THE",5959 NW 7TH AVE,MIAMI,FL,33126,MIAMI-DADE,3052641000,Acute Care Hospitals,Proprietary,No,,,,,,,,,
360044,WAYNE HOSPITAL,835 SWEITZER STREET,GREENVILLE,OH,45331,DARKE,9375475722,Acute Care Hospitals,Voluntary non-profit - Private,Yes,Y,3.0,Same as the national average,Same as the national average,Same as the national average,Same as the national average,Same as the national average,Above the national average,Same as the national average
310038,ROBERT WOOD JOHNSON UNIVERSITY HOSPITAL,ONE ROBERT WOOD JOHNSON PLACE,NEW BRUNSWICK,NJ,8901,MIDDLESEX,7329378525,Acute Care Hospitals,Voluntary non-profit - Private,Yes,Y,2.0,Same as the national average,Below the national average,Below the national average,Below the national average,Same as the national average,Below the national average,Above the national average
440072,TENNOVA HEALTHCARE-DYERSBURG REGIONAL,400 TICKLE ST,DYERSBURG,TN,38024,DYER,7312852410,Acute Care Hospitals,Proprietary,Yes,Y,2.0,Same as the national average,Same as the national average,Below the national average,Below the national average,Same as the national average,Above the national average,Above the national average
431312,MARSHALL COUNTY HEALTHCARE CENTER - CAH,413 9TH STREET,BRITTON,SD,57430,MARSHALL,6054482253,Critical Access Hospitals,Proprietary,Yes,Y,,,,,,,,
260074,MOBERLY REGIONAL MEDICAL CENTER,1515 UNION AVE,MOBERLY,MO,65270,RANDOLPH,6602638400,Acute Care Hospitals,Proprietary,Yes,Y,2.0,Same as the national average,Same as the national average,Same as the national average,Same as the national average,Same as the national average,Above the national average,Same as the national average
190300,ST CHARLES SURGICAL HOSPITAL LLC,1717 ST CHARLES AVE,NEW ORLEANS,LA,70130,ORLEANS,5045296600,Acute Care Hospitals,Physician,No,,,,,,,,,
110016,WELLSTAR WEST GEORGIA MEDICAL CENTER,1514 VERNON ROAD,LAGRANGE,GA,30240,TROUP,7068821411,Acute Care Hospitals,Government - Hospital District or Authority,Yes,Y,4.0,Same as the national average,Same as the national average,Above the national average,Same as the national average,Same as the national average,Same as the national average,Below the national average
210018,MEDSTAR MONTGOMERY MEDICAL CENTER,18101 PRINCE PHILIP DRIVE,OLNEY,MD,20832,MONTGOMERY,3017748882,Acute Care Hospitals,Voluntary non-profit - Private,Yes,Y,,,,,,,,
10114,"MEDICAL WEST, AN AFFILIATE OF UAB HEALTH SYSTEM",995 9TH AVENUE SOUTHWEST,BESSEMER,AL,35021,JEFFERSON,2054817000,Acute Care Hospitals,Government - Hospital District or Authority,Yes,Y,3.0,Same as the national average,Same as the national average,Above the national average,Below the national average,Same as the national average,Above the national average,Same as the national average
531314,NIOBRARA HEALTH & LIFE CENTER,921 SOUTH BALLANCEE AVENUE,LUSK,WY,82225,NIOBRARA,3073344000,Critical Access Hospitals,Government - Hospital District or Authority,Yes,Y,,,,,,,,
520107,HOLY FAMILY MEMORIAL,2300 WESTERN AVE,MANITOWOC,WI,54221,MANITOWOC,9203202011,Acute Care Hospitals,Voluntary non-profit - Other,Yes,Y,4.0,Same as the national average,Same as the national average,Above the national average,Same as the national average,Same as the national average,Above the national average,Same as the national average
161372,BOONE COUNTY HOSPITAL,1015 UNION STREET,BOONE,IA,50036,BOONE,5154323140,Critical Access Hospitals,Government - Local,Yes,Y,3.0,Same as the national average,,Same as the national average,Same as the national average,,Same as the national average,Below the national average
100073,HOLY CROSS HOSPITAL,4725 N FEDERAL HWY,FORT LAUDERDALE,FL,33308,BROWARD,9547718000,Acute Care Hospitals,Voluntary non-profit - Church,Yes,Y,2.0,Same as the national average,Below the national average,Below the national average,Below the national average,Same as the national average,Same as the national average,Above the national average
230047,HENRY FORD MACOMB HOSPITAL,15855 NINETEEN MILE RD,CLINTON TOWNSHIP,MI,48038,MACOMB,5862632300,Acute Care Hospitals,Proprietary,Yes,Y,2.0,Above the national average,Below the national average,Below the national average,Below the national average,Same as the national average,Below the national average,Same as the national average
361308,UNIVERSITY HOSPITALS CONNEAUT MEDICAL CENTER,158 WEST MAIN ROAD,CONNEAUT,OH,44030,ASHTABULA,4405931131,Critical Access Hospitals,Voluntary non-profit - Other,Yes,Y,4.0,Same as the national average,,Same as the national average,Above the national average,Same as the national average,Above the national average,
140289,ANDERSON HOSPITAL,6800 STATE ROUTE 162,MARYVILLE,IL,62062,MADISON,6182885711,Acute Care Hospitals,Voluntary non-profit - Private,Yes,Y,3.0,Same as the national average,Same as the national average,Same as the national average,Same as the national average,Same as the national average,Same as the national average,Above the national average
190014,TECHE REGIONAL MEDICAL CENTER,1125 MARGUERITE STREET,MORGAN CITY,LA,70380,SAINT MARY,9853842440,Acute Care Hospitals,Proprietary,Yes,Y,3.0,Same as the national average,Above the national average,Same as the national average,Same as the national average,Same as the national average,Above the national average,Same as the national average
330074,F F THOMPSON HOSPITAL,350 PARRISH STREET,CANANDAIGUA,NY,14424,ONTARIO,5853966000,Acute Care Hospitals,Voluntary non-profit - Private,Yes,Y,3.0,Same as the national average,Above the national average,Below the national average,Below the national average,Same as the national average,Below the national average,Same as the national average
460014,MOUNTAIN WEST MEDICAL CENTER,2055 NORTH MAIN STREET,TOOELE,UT,84074,TOOELE,4358433700,Acute Care Hospitals,Proprietary,Yes,Y,3.0,Same as the national average,Same as the national average,Same as the national average,Below the national average,Same as the national average,Same as the national average,
161306,JONES REGIONAL MEDICAL CENTER,1795 HIGHWAY 64 EAST,ANAMOSA,IA,52205,JONES,3194626131,Critical Access Hospitals,Voluntary non-profit - Private,Yes,Y,,Same as the national average,,Same as the national average,,,,
230002,ST MARY MERCY HOSPITAL,36475 FIVE MILE ROAD,LIVONIA,MI,48154,WAYNE,7346554800,Acute Care Hospitals,Voluntary non-profit - Private,Yes,Y,3.0,Above the national average,Same as the national average,Below the national average,Same as the national average,Same as the national average,Same as the national average,Same as the national average
370178,MEMORIAL HOSPITAL,1401 WEST LOCUST,STILWELL,OK,74960,ADAIR,9186963101,Acute Care Hospitals,Voluntary non-profit - Private,Yes,Y,4.0,Same as the national average,,Above the national average,Below the national average,Same as the national average,Above the national average,
501312,PROSSER MEMORIAL HOSPITAL,723 MEMORIAL STREET,PROSSER,WA,99350,BENTON,5097862222,Critical Access Hospitals,Government - Hospital District or Authority,Yes,Y,3.0,Same as the national average,,Same as the national average,Same as the national average,,,
301303,WEEKS MEDICAL CENTER,173 MIDDLE STREET,LANCASTER,NH,3584,COOS,6037884911,Critical Access Hospitals,Voluntary non-profit - Private,Yes,Y,3.0,Same as the national average,,Same as the national average,,Same as the national average,Same as the national average,Same as the national average
370216,"TULSA SPINE & SPECIALTY HOSPITAL, LLC",6901 SOUTH OLYMPIA AVENUE,TULSA,OK,74132,TULSA,9183885701,Acute Care Hospitals,Proprietary,Yes,Y,,,,,Above the national average,Same as the national average,,
310057,VIRTUA MEMORIAL HOSPITAL OF BURLINGTON COUNTY,175 MADISON AVE,MOUNT HOLLY,NJ,8060,BURLINGTON,6099146200,Acute Care Hospitals,Voluntary non-profit - Private,Yes,Y,3.0,Above the national average,Same as the national average,Above the national average,Same as the national average,Same as the national average,Below the national average,Above the national average
280131,MIDWEST SURGICAL HOSPITAL LLC,7915 FARNAM DRIVE,OMAHA,NE,68114,DOUGLAS,4023991900,Acute Care Hospitals,Physician,No,Y,,,,,Above the national average,,,
50057,KAWEAH DELTA MEDICAL CENTER,400 W MINERAL KING AVE,VISALIA,CA,93291,TULARE,5596242000,Acute Care Hospitals,Government - Hospital District or Authority,Yes,Y,4.0,Same as the national average,Above the national average,Above the national average,Below the national average,Same as the national average,Below the national average,Same as the national average
390097,HOLY REDEEMER HOSPITAL AND MEDICAL CENTER,1648 HUNTINGDON PIKE,MEADOWBROOK,PA,19046,MONTGOMERY,2159473000,Acute Care Hospitals,Voluntary non-profit - Church,Yes,Y,3.0,Same as the national average,Above the national average,Below the national average,Same as the national average,Same as the national average,Same as the national average,Same as the national average
301308,VALLEY REGIONAL HOSPITAL,243 ELM STREET,CLAREMONT,NH,3743,SULLIVAN,6035427771,Critical Access Hospitals,Voluntary non-profit - Private,Yes,Y,4.0,Same as the national average,,Same as the national average,,,,Same as the national average
230099,PROMEDICA MONROE REGIONAL HOSPITAL,718 N MACOMB ST,MONROE,MI,48162,MONROE,7342408400,Acute Care Hospitals,Voluntary non-profit - Other,Yes,Y,3.0,Above the national average,Same as the national average,Below the national average,Same as the national average,Same as the national average,Same as the national average,Same as the national average
393308,"CHILDREN'S INSTITUTE OF PITTSBURGH, THE",6301 NORTHUMBERLAND STREET,PITTSBURGH,PA,15217,ALLEGHENY,4124202400,Childrens,Voluntary non-profit - Private,No,,,,,,,,,
420104,MOUNT PLEASANT HOSPITAL,3500 HIGHWAY 17 NORTH,MOUNT PLEASANT,SC,29466,CHARLESTON,8437242954,Acute Care Hospitals,Voluntary non-profit - Private,Yes,Y,4.0,Same as the national average,,Same as the national average,Above the national average,Same as the national average,Above the national average,Same as the national average
460054,CACHE VALLEY HOSPITAL,2380 NORTH 400 EAST,NORTH LOGAN,UT,84341,CACHE,4357139580,Acute Care Hospitals,Proprietary,Yes,Y,,,,,Above the national average,Same as the national average,Same as the national average,
460057,PARK CITY HOSPITAL,900 ROUND VALLEY DRIVE,PARK CITY,UT,84060,SUMMIT,4356586700,Acute Care Hospitals,Proprietary,Yes,Y,4.0,,Same as the national average,Same as the national average,Above the national average,Same as the national average,Same as the national average,Same as the national average
170146,PROVIDENCE MEDICAL CENTER,8929 PARALLEL PARKWAY,KANSAS CITY,KS,66112,WYANDOTTE,9135964000,Acute Care Hospitals,Voluntary non-profit - Church,Yes,Y,4.0,Same as the national average,Above the national average,Below the national average,Below the national average,Same as the national average,Same as the national average,Same as the national average
120026,PALI MOMI MEDICAL CENTER,98-1079 MOANALUA ROAD,AIEA,HI,96701,HONOLULU,8084866000,Acute Care Hospitals,Proprietary,Yes,Y,4.0,Same as the national average,Same as the national average,Above the national average,Above the national average,Same as the national average,Same as the national average,Same as the national average
320003,SAN MIGUEL CORP D/B/A ALTA VISTA REGIONAL HOSPITAL,104 LEGION DRIVE,LAS VEGAS,NM,87701,SAN MIGUEL,5054263930,Acute Care Hospitals,Government - Hospital District or Authority,Yes,Y,3.0,Same as the national average,,Same as the national average,Below the national average,Same as the national average,Same as the national average,Same as the national average
511310,SUMMERS COUNTY ARH HOSPITAL,115 SUMMERS HOSPITAL ROAD,HINTON,WV,25951,SUMMERS,3044661000,Critical Access Hospitals,Voluntary non-profit - Private,Yes,Y,,Same as the national average,,Same as the national average,,,,
180024,SPRING VIEW HOSPITAL,320 LORETTO ROAD,LEBANON,KY,40033,MARION,2706925145,Acute Care Hospitals,Proprietary,Yes,Y,3.0,Same as the national average,Same as the national average,Same as the national average,Same as the national average,Same as the national average,Above the national average,Same as the national average
210003,PRINCE GEORGES HOSPITAL CENTER,3001 HOSPITAL DRIVE,CHEVERLY,MD,20785,PRINCE GEORGES,3016182000,Acute Care Hospitals,Voluntary non-profit - Private,Yes,Y,,,,,,,,
440185,TENNOVA HEALTHCARE-CLEVELAND,2305 CHAMBLISS AVE NW,CLEVELAND,TN,37311,BRADLEY,4233394132,Acute Care Hospitals,Proprietary,Yes,Y,2.0,Below the national average,Below the national average,Same as the national average,Below the national average,Same as the national average,Below the national average,Same as the national average
360262,MERCY ST ANNE HOSPITAL,3404 SYLVANIA AVENUE,TOLEDO,OH,43623,LUCAS,4194072663,Acute Care Hospitals,Voluntary non-profit - Church,Yes,Y,5.0,Above the national average,Above the national average,Above the national average,Same as the national average,Same as the national average,Same as the national average,Same as the national average
210027,WESTERN MARYLAND REGIONAL MEDICAL CENTER,12500 WILLOWBROOK ROAD,CUMBERLAND,MD,21502,ALLEGANY,2409648001,Acute Care Hospitals,Voluntary non-profit - Private,Yes,Y,,,,,,,,
443303,EAST TENNESSEE CHILDRENS HOSPITAL,2018 CLINCH AVE SW,KNOXVILLE,TN,37916,KNOX,8655418000,Childrens,Voluntary non-profit - Private,Yes,Y,,,,,,,,
291314,SOUTH LYON MEDICAL CENTER,213 S WHITACRE/PO BOX 940,YERINGTON,NV,89447,LYON,7757813761,Critical Access Hospitals,Government - Hospital District or Authority,Yes,Y,,,,,,,,
50127,WOODLAND MEMORIAL HOSPITAL,1325 COTTONWOOD STREET,WOODLAND,CA,95695,YOLO,5306623961,Acute Care Hospitals,Voluntary non-profit - Other,Yes,Y,3.0,Below the national average,Same as the national average,Same as the national average,Same as the national average,Same as the national average,Same as the national average,Same as the national average
53301,CHILDREN'S HOSPITAL & RESEARCH CENTER OAKLAND,747 52ND STREET,OAKLAND,CA,94609,ALAMEDA,5104283000,Childrens,Voluntary non-profit - Private,Yes,Y,,,,,,,,
670008,HOUSTON PHYSICIANS' HOSPITAL,333 N TEXAS AVENUE,WEBSTER,TX,77598,HARRIS,2813351700,Acute Care Hospitals,Physician,Yes,Y,,,,,Above the national average,Same as the national average,Same as the national average,
180116,JACKSON PURCHASE MEDICAL CENTER,1099 MEDICAL CENTER CIRCLE,MAYFIELD,KY,42066,GRAVES,2702514585,Acute Care Hospitals,Government - Hospital District or Authority,Yes,Y,3.0,Same as the national average,Above the national average,Below the national average,Same as the national average,Same as the national average,Above the national average,Below the national average
170023,ST CATHERINE HOSPITAL,401 EAST SPRUCE,GARDEN CITY,KS,67846,FINNEY,6202722222,Acute Care Hospitals,Voluntary non-profit - Private,Yes,Y,3.0,Same as the national average,Same as the national average,Same as the national average,Same as the national average,Same as the national average,Above the national average,Same as the national average
501323,JEFFERSON HEALTHCARE,834 SHERIDAN STREET,PORT TOWNSEND,WA,98368,JEFFERSON,3603852200,Critical Access Hospitals,Government - Hospital District or Authority,Yes,Y,3.0,Same as the national average,,Same as the national average,Above the national average,,Same as the national average,Same as the national average
260065,MERCY HOSPITAL SPRINGFIELD,1235 E CHEROKEE,SPRINGFIELD,MO,65804,GREENE,4178202000,Acute Care Hospitals,Voluntary non-profit - Church,Yes,Y,3.0,Below the national average,Same as the national average,Above the national average,Above the national average,Above the national average,Same as the national average,Above the national average
420002,PIEDMONT MEDICAL CENTER,222 S HERLONG AVE,ROCK HILL,SC,29730,YORK,8033291234,Acute Care Hospitals,Proprietary,Yes,Y,1.0,Below the national average,Same as the national average,Below the national average,Below the national average,Same as the national average,Below the national average,Above the national average
30136,DIGNITY HEALTH - ARIZONA GENERAL HOSPITAL,7171 SOUTH 51ST AVENUE,LAVEEN,AZ,85339,MARICOPA,6235845100,Acute Care Hospitals,Proprietary,Yes,,,,,,,Same as the national average,Same as the national average,
230275,HEALTHSOURCE SAGINAW,3340 HOSPITAL ROAD,SAGINAW,MI,48603,SAGINAW,9897907888,Acute Care Hospitals,Voluntary non-profit - Other,Yes,Y,,,,,,,,
40132,LEVI HOSPITAL,300 PROSPECT AVE,HOT SPRINGS,AR,71901,GARLAND,5016241281,Acute Care Hospitals,Voluntary non-profit - Private,Yes,,,,,,,,,
140118,METROSOUTH MEDICAL CENTER,12935 S GREGORY,BLUE ISLAND,IL,60406,COOK,7085972000,Acute Care Hospitals,Proprietary,Yes,Y,2.0,Above the national average,Same as the national average,Below the national average,Below the national average,Same as the national average,Below the national average,Same as the national average
670067,BAYLOR ORTHOPEDIC AND SPINE HOSPITAL AT ARLINGTON,707 HIGHLANDER BLVD,ARLINGTON,TX,76015,TARRANT,8175492364,Acute Care Hospitals,Proprietary,Yes,Y,,,,,Above the national average,Same as the national average,Same as the national average,
430097,SANFORD ABERDEEN MEDICAL CENTER,2905 3RD AVE SE,ABERDEEN,SD,57402,BROWN,6056264200,Acute Care Hospitals,Voluntary non-profit - Private,Yes,Y,4.0,Same as the national average,Same as the national average,Same as the national average,Above the national average,Same as the national average,Above the national average,Same as the national average
420026,PROVIDENCE HEALTH,2435 FOREST DR,COLUMBIA,SC,29204,RICHLAND,8032565300,Acute Care Hospitals,Proprietary,Yes,Y,4.0,Same as the national average,Above the national average,Above the national average,Above the national average,Below the national average,Below the national average,Above the national average
50110,LOMPOC VALLEY MEDICAL CENTER,1515 E OCEAN AVENUE,LOMPOC,CA,93436,SANTA BARBARA,8057373300,Acute Care Hospitals,Government - Hospital District or Authority,Yes,Y,2.0,Same as the national average,Same as the national average,Same as the national average,Below the national average,Same as the national average,Same as the national average,Same as the national average
60118,ST ANTHONY SUMMIT MEDICAL CENTER,340 PEAK ONE DRIVE,FRISCO,CO,80443,SUMMIT,9706683300,Acute Care Hospitals,Voluntary non-profit - Church,No,Y,4.0,,,Same as the national average,Above the national average,Same as the national average,Above the national average,
41321,BAPTIST HEALTH MEDICAL CENTER-ARKADELPHIA,3050 TWIN RIVERS DRIVE,ARKADELPHIA,AR,71923,CLARK,8702452622,Critical Access Hospitals,Voluntary non-profit - Private,Yes,Y,3.0,Same as the national average,,Same as the national average,Same as the national average,Same as the national average,Above the national average,Same as the national average
151324,"FRANCISCAN HEALTH RENSSELAER, INC",1104 E GRACE ST,RENSSELAER,IN,47978,JASPER,2198665141,Critical Access Hospitals,Voluntary non-profit - Private,Yes,Y,2.0,Same as the national average,,Below the national average,Below the national average,,Above the national average,
51309,JEROLD PHELPS COMMUNITY HOSPITAL,733 CEDAR ST,GARBERVILLE,CA,95542,HUMBOLDT,7079233921,Critical Access Hospitals,Government - Hospital District or Authority,Yes,Y,,,,,,,,
50126,VALLEY PRESBYTERIAN HOSPITAL,15107 VANOWEN ST,VAN NUYS,CA,91406,LOS ANGELES,8187826600,Acute Care Hospitals,Voluntary non-profit - Other,Yes,Y,2.0,Same as the national average,Below the national average,Below the national average,Below the national average,Below the national average,Below the national average,Same as the national average
341318,VIDANT CHOWAN HOSPITAL,211 VIRGINIA RD,EDENTON,NC,27932,CHOWAN,2524828451,Critical Access Hospitals,Government - Local,Yes,Y,4.0,Same as the national average,,Same as the national average,Above the national average,Same as the national average,Same as the national average,Same as the national average
260050,SSM HEALTH ST FRANCIS HOSPITAL - MARYVILLE,2016 SOUTH MAIN ST,MARYVILLE,MO,64468,NODAWAY,6605622600,Acute Care Hospitals,Voluntary non-profit - Church,Yes,Y,4.0,Same as the national average,Same as the national average,Same as the national average,Above the national average,Same as the national average,Above the national average,Same as the national average
150169,COMMUNITY HOSPITAL NORTH,7150 CLEARVISTA DR,INDIANAPOLIS,IN,46256,MARION,3176215335,Acute Care Hospitals,Voluntary non-profit - Private,Yes,Y,3.0,Same as the national average,Same as the national average,Same as the national average,Above the national average,Same as the national average,Same as the national average,Same as the national average
341325,ASHE MEMORIAL HOSPITAL,200 HOSPITAL AVE,JEFFERSON,NC,28640,ASHE,3362467101,Critical Access Hospitals,Voluntary non-profit - Private,Yes,Y,4.0,Same as the national average,,Same as the national average,Above the national average,,Same as the national average,
190020,LANE REGIONAL MEDICAL CENTER,6300 MAIN STREET,ZACHARY,LA,70791,EAST BATON ROUGE,2256584000,Acute Care Hospitals,Government - Hospital District or Authority,Yes,Y,2.0,Below the national average,Below the national average,Below the national average,Same as the national average,Same as the national average,Same as the national average,Below the national average
10069,MEDICAL CENTER BARBOUR,820 W WASHINGTON ST,EUFAULA,AL,36027,BARBOUR,3346887271,Acute Care Hospitals,Government - Hospital District or Authority,Yes,Y,3.0,Same as the national average,,Same as the national average,Same as the national average,Same as the national average,Above the national average,Same as the national average
450684,MEMORIAL HERMANN NORTHEAST,18951 MEMORIAL NORTH,HUMBLE,TX,77338,HARRIS,2815407700,Acute Care Hospitals,Government - Hospital District or Authority,Yes,Y,4.0,Above the national average,Above the national average,Same as the national average,Same as the national average,Same as the national average,Below the national average,Same as the national average
50782,CASA COLINA HOSPITAL,255 E BONITA AVE,POMONA,CA,91767,LOS ANGELES,9095967733,Acute Care Hospitals,Voluntary non-profit - Private,No,,,,,,,,,
10039,HUNTSVILLE HOSPITAL,101 SIVLEY RD,HUNTSVILLE,AL,35801,MADISON,2562651000,Acute Care Hospitals,Government - Hospital District or Authority,Yes,Y,3.0,Below the national average,Above the national average,Above the national average,Same as the national average,Same as the national average,Below the national average,Below the national average
410011,LANDMARK MEDICAL CENTER,115 CASS AVENUE,WOONSOCKET,RI,2895,PROVIDENCE,4017694100,Acute Care Hospitals,Voluntary non-profit - Private,Yes,Y,3.0,Same as the national average,Above the national average,Below the national average,Below the national average,Same as the national average,Same as the national average,Same as the national average
171372,SCOTT COUNTY HOSPITAL,201 ALBERT AVENUE,SCOTT CITY,KS,67871,SCOTT,6208725811,Critical Access Hospitals,Voluntary non-profit - Private,Yes,Y,,Same as the national average,,Same as the national average,,,,
180009,KING'S DAUGHTERS' MEDICAL CENTER,2201 LEXINGTON AVENUE,ASHLAND,KY,41101,BOYD,6064084401,Acute Care Hospitals,Voluntary non-profit - Private,Yes,Y,3.0,Same as the national average,Above the national average,Below the national average,Above the national average,Same as the national average,Same as the national average,Below the national average
521330,CROSSING RIVERS HEALTH MEDICAL CENTER,37868 US HWY 18,PRAIRIE DU CHIEN,WI,53821,CRAWFORD,6083572000,Critical Access Hospitals,Voluntary non-profit - Private,Yes,Y,4.0,Same as the national average,,Same as the national average,Above the national average,Same as the national average,Above the national average,
30130,BANNER IRONWOOD MEDICAL CENTER,37000 NORTH GANTZEL ROAD,SAN TAN VALLEY,AZ,85140,PINAL,4803944030,Acute Care Hospitals,Voluntary non-profit - Private,Yes,Y,4.0,Same as the national average,Same as the national average,Same as the national average,Above the national average,Same as the national average,Same as the national average,
400128,"HOSPITAL PAVIA HATO REY, INC",AVE PONCE DE LEON 435,HATO REY,PR,919,SAN JUAN,7877540909,Acute Care Hospitals,Voluntary non-profit - Private,Yes,Y,,,,,,Same as the national average,,
190297,DOCTORS HOSPITAL AT DEER CREEK L L C,815 SOUTH 10TH STREET,LEESVILLE,LA,71446,VERNON,3373925088,Acute Care Hospitals,Proprietary,No,Y,,,,Same as the national average,Above the national average,,,
110187,CHESTATEE REGIONAL HOSPITAL,227 MOUNTAIN DRIVE,DAHLONEGA,GA,30533,LUMPKIN,7068646136,Acute Care Hospitals,Proprietary,Yes,Y,3.0,Same as the national average,,Same as the national average,Same as the national average,Same as the national average,Same as the national average,Same as the national average
240004,HENNEPIN COUNTY MEDICAL CENTER 1,701 PARK AVENUE,MINNEAPOLIS,MN,55415,HENNEPIN,6128733629,Acute Care Hospitals,Government - Local,Yes,Y,2.0,Same as the national average,Same as the national average,Below the national average,Below the national average,Same as the national average,Below the national average,Same as the national average
151318,DUKES MEMORIAL HOSPITAL,275 W 12TH ST,PERU,IN,46970,MIAMI,7654728000,Critical Access Hospitals,Voluntary non-profit - Private,Yes,Y,3.0,Same as the national average,,Same as the national average,Same as the national average,Same as the national average,Above the national average,Same as the national average
230141,MCLAREN FLINT,401 S BALLENGER HIGHWAY,FLINT,MI,48532,GENESEE,8103422000,Acute Care Hospitals,Voluntary non-profit - Private,Yes,Y,2.0,Above the national average,Below the national average,Below the national average,Below the national average,Same as the national average,Below the national average,Below the national average
231310,SCHEURER HOSPITAL,170 N CASEVILLE RD,PIGEON,MI,48755,HURON,9894533223,Critical Access Hospitals,Voluntary non-profit - Other,Yes,Y,4.0,,,Same as the national average,Above the national average,Same as the national average,Same as the national average,Same as the national average
231321,BELL HOSPITAL,901 LAKESHORE DRIVE,ISHPEMING,MI,49849,MARQUETTE,9064864431,Critical Access Hospitals,Proprietary,Yes,Y,4.0,Same as the national average,,Same as the national average,Above the national average,Same as the national average,Above the national average,Same as the national average
490001,NORTON COMMUNITY HOSPITAL,100 15TH NW STREET,NORTON,VA,24273,NORTON CITY,7036798865,Acute Care Hospitals,Voluntary non-profit - Other,Yes,Y,4.0,Same as the national average,Same as the national average,Same as the national average,Same as the national average,Same as the national average,Same as the national average,Same as the national average
100007,FLORIDA HOSPITAL,601 E ROLLINS ST,ORLANDO,FL,32803,ORANGE,4073031976,Acute Care Hospitals,Voluntary non-profit - Private,Yes,Y,2.0,Above the national average,Below the national average,Below the national average,Above the national average,Same as the national average,Below the national average,Above the national average
100087,SARASOTA MEMORIAL HOSPITAL,1700 S TAMIAMI TRL,SARASOTA,FL,34239,SARASOTA,9419179000,Acute Care Hospitals,Government - Hospital District or Authority,Yes,Y,5.0,Above the national average,Above the national average,Above the national average,Above the national average,Same as the national average,Same as the national average,Same as the national average
360362,TRIHEALTH EVENDALE HOSPITAL,3155 GLENDALE MILFORD ROAD,CINCINNATI,OH,45241,HAMILTON,5134542222,Acute Care Hospitals,Voluntary non-profit - Private,No,Y,,,,,Above the national average,Same as the national average,,
490038,SMYTH COUNTY COMMUNITY HOSPITAL,245 MEDICAL PARK DRIVE,MARION,VA,24354,SMYTH,2763781000,Acute Care Hospitals,Voluntary non-profit - Private,Yes,Y,3.0,Same as the national average,Same as the national average,Same as the national average,Same as the national average,Same as the national average,Above the national average,Same as the national average
231300,PAUL OLIVER MEMORIAL HOSPITAL,224 PARK AVENUE,FRANKFORT,MI,49635,BENZIE,2313522200,Critical Access Hospitals,Government - Local,Yes,Y,,,,,,,Above the national average,Same as the national average
440003,SUMNER REGIONAL MEDICAL CENTER,555 HARTSVILLE PIKE,GALLATIN,TN,37066,SUMNER,6154524210,Acute Care Hospitals,Proprietary,Yes,Y,2.0,Below the national average,Same as the national average,Below the national average,Below the national average,Same as the national average,Above the national average,Same as the national average
